[
    {
        "departamento": "Amazonas",
        "ciudades": [
            "Leticia",
            "Puerto Nariño"
        ]
    },
    {
        "departamento": "Antioquia",
        "ciudades": [
            "Medellín",
            "Bello",
            "Itagüí",
            "Envigado",
            "Apartadó",
            "Rionegro",
            "Turbo",
            "Caucasia"
        ]
    },
    {
        "departamento": "Arauca",
        "ciudades": [
            "Arauca",
            "Arauquita",
            "Saravena",
            "Tame"
        ]
    },
    {
        "departamento": "Atlántico",
        "ciudades": [
            "Barranquilla",
            "Soledad",
            "Malambo",
            "Sabanalarga",
            "Baranoa"
        ]
    },
    {
        "departamento": "Bolívar",
        "ciudades": [
            "Cartagena",
            "Magangué",
            "Turbaco",
            "Arjona",
            "El Carmen de Bolívar"
        ]
    },
    {
        "departamento": "Boyacá",
        "ciudades": [
            "Tunja",
            "Duitama",
            "Sogamoso",
            "Chiquinquirá",
            "Puerto Boyacá"
        ]
    },
    {
        "departamento": "Caldas",
        "ciudades": [
            "Manizales",
            "La Dorada",
            "Chinchiná",
            "Villamaría",
            "Riosucio"
        ]
    },
    {
        "departamento": "Caquetá",
        "ciudades": [
            "Florencia",
            "San Vicente del Caguán"
        ]
    },
    {
        "departamento": "Casanare",
        "ciudades": [
            "Yopal",
            "Aguazul",
            "Villanueva"
        ]
    },
    {
        "departamento": "Cauca",
        "ciudades": [
            "Popayán",
            "Santander de Quilichao",
            "Puerto Tejada",
            "Patía"
        ]
    },
    {
        "departamento": "Cesar",
        "ciudades": [
            "Valledupar",
            "Aguachica",
            "Agustín Codazzi"
        ]
    },
    {
        "departamento": "Chocó",
        "ciudades": [
            "Quibdó",
            "Istmina"
        ]
    },
    {
        "departamento": "Córdoba",
        "ciudades": [
            "Montería",
            "Santa Cruz de Lorica",
            "Sahagún",
            "Cereté",
            "Montelíbano"
        ]
    },
    {
        "departamento": "Cundinamarca",
        "ciudades": [
            "Bogotá",
            "Soacha",
            "Facatativá",
            "Fusagasugá",
            "Zipaquirá",
            "Chía",
            "Girardot",
            "Mosquera",
            "Madrid",
            "Funza",
            "Cajicá"
        ]
    },
    {
        "departamento": "Guainía",
        "ciudades": [
            "Inírida"
        ]
    },
    {
        "departamento": "Guaviare",
        "ciudades": [
            "San José del Guaviare"
        ]
    },
    {
        "departamento": "Huila",
        "ciudades": [
            "Neiva",
            "Pitalito",
            "Garzón",
            "La Plata"
        ]
    },
    {
        "departamento": "La Guajira",
        "ciudades": [
            "Riohacha",
            "Maicao",
            "Uribia",
            "Manaure"
        ]
    },
    {
        "departamento": "Magdalena",
        "ciudades": [
            "Santa Marta",
            "Ciénaga",
            "Zona Bananera",
            "Plato",
            "Fundación"
        ]
    },
    {
        "departamento": "Meta",
        "ciudades": [
            "Villavicencio",
            "Acacías",
            "Granada"
        ]
    },
    {
        "departamento": "Nariño",
        "ciudades": [
            "Pasto",
            "Tumaco",
            "Ipiales"
        ]
    },
    {
        "departamento": "Norte de Santander",
        "ciudades": [
            "Cúcuta",
            "Ocaña",
            "Villa del Rosario",
            "Los Patios",
            "Pamplona"
        ]
    },
    {
        "departamento": "Putumayo",
        "ciudades": [
            "Mocoa",
            "Puerto Asís",
            "Orito"
        ]
    },
    {
        "departamento": "Quindío",
        "ciudades": [
            "Armenia",
            "Calarcá",
            "La Tebaida",
            "Circasia",
            "Montenegro"
        ]
    },
    {
        "departamento": "Risaralda",
        "ciudades": [
            "Pereira",
            "Dosquebradas",
            "Santa Rosa de Cabal"
        ]
    },
    {
        "departamento": "San Andrés y Providencia",
        "ciudades": [
            "San Andrés",
            "Providencia"
        ]
    },
    {
        "departamento": "Santander",
        "ciudades": [
            "Bucaramanga",
            "Floridablanca",
            "Barrancabermeja",
            "Girón",
            "Piedecuesta",
            "San Gil"
        ]
    },
    {
        "departamento": "Sucre",
        "ciudades": [
            "Sincelejo",
            "Corozal",
            "San Marcos"
        ]
    },
    {
        "departamento": "Tolima",
        "ciudades": [
            "Ibagué",
            "Espinal",
            "Melgar",
            "Chaparral",
            "Líbano"
        ]
    },
    {
        "departamento": "Valle del Cauca",
        "ciudades": [
            "Cali",
            "Buenaventura",
            "Palmira",
            "Tuluá",
            "Yumbo",
            "Cartago",
            "Jamundí",
            "Buga"
        ]
    },
    {
        "departamento": "Vaupés",
        "ciudades": [
            "Mitú"
        ]
    },
    {
        "departamento": "Vichada",
        "ciudades": [
            "Puerto Carreño"
        ]
    }
]